first-k,SMRS,TextRank,FWSR-BM25,FWSR-SIF,,,,,,,,,,,
0.522267980295177,0.366925991712803,0.513003053917517,0.533836499104084,0.422896077406094,,51.47,52.98,36.02,37.36,50.50,52.10,52.65,54.12,41.50,43.08
0.556932980686747,0.431108096361311,0.532678153709021,0.520975097084076,0.483592542079776,,54.94,56.45,42.37,43.85,52.44,54.10,51.33,52.86,47.57,49.15
0.501943012254279,0.332141280384473,0.50406161065234,0.567086833983075,0.389833141733578,,49.42,50.97,32.57,33.86,49.62,51.19,55.98,57.44,38.19,39.78
0.391908240668826,0.241687361162106,0.383186857518313,0.4046949984666,0.291001206626566,,38.30,40.08,23.52,24.82,37.49,39.15,39.68,41.25,28.26,29.94
0.42018678766921,0.292991431755016,0.390611474645363,0.400664951423611,0.326954937655324,,41.10,42.94,28.51,30.09,38.21,39.91,39.25,40.88,31.80,33.59
0.375431614273765,0.213127903099545,0.384559045037006,0.42397078700069,0.271773159077085,,36.67,38.42,20.72,21.91,37.62,39.29,41.60,43.20,26.36,28.00
0.49802054385606,0.338663343222817,0.493783431181766,0.508336659734069,0.389385825921913,,49.01,50.59,33.20,34.53,48.56,50.20,50.06,51.61,38.12,39.75
0.542109790480855,0.42153883692924,0.521070533797135,0.510246412718827,0.461879488361825,,53.42,55.00,41.41,42.90,51.26,52.95,50.23,51.81,45.36,47.01
0.48901935312111,0.323771227507851,0.494033784567693,0.552170090865259,0.375224471669556,,48.10,49.70,31.73,33.02,48.60,50.21,54.46,55.97,36.71,38.34
2.27928161621094E-06,0.316448812484741,0.002567739486694,0.71007580280304,0.701199316978455,,0.00,0.00,31.40,31.89,0.25,0.26,70.63,71.38,69.52,70.72
68.28,52.36,79.04,90.7,56.2,,"6,706.85","6,949.15","5,137.60","5,334.40","7,775.49","8,032.51","8,927.43","9,212.57","5,511.43","5,728.57"
,,,,,,,,,,,,,,,
,,,,,,,,,,,,,,,
,,,,,,,,,,,,,,,
0.251757134984283,0.223824479335011,0.265738082437916,0.245297676734023,0.261858706368092,,,,,,,,,,,
0.251526634031989,0.24607442594802,0.276565916825367,0.25546352145368,0.26194137820915,,,,,,,,,,,
0.257670624258332,0.215362280189654,0.262484927572978,0.242492544865518,0.264475054895158,,,,,,,,,,,
0.295731548599744,0.217727862682915,0.276109823007957,0.261694537670523,0.278774511738952,,,,,,,,,,,
0.306933629330274,0.262548920381927,0.283929131674433,0.271641141471206,0.298875293151706,,,,,,,,,,,
0.292269333070424,0.197801369374193,0.277569611012916,0.266733456016724,0.272613464746648,,,,,,,,,,,
0.264226974402813,0.22249824104897,0.272324936782078,0.257253208085818,0.271973854302611,,,,,,,,,,,
0.262509004208072,0.247885165278611,0.281672152060075,0.263313132020079,0.27465740812347,,,,,,,,,,,
0.266608150716144,0.214398334870002,0.268717844568374,0.251986258243509,0.271579873274056,,,,,,,,,,,
1.06106714741561E-06,0.083116714978578,0.001069040500815,0.124334742960662,0.200257441851699,,,,,,,,,,,
40.3816988250866,32.8004634113605,42.8373481905685,47.5227314029823,36.1889485893138,,,,,,,,,,,
